13231,title
Susan Perry,Analytical chemist
Ann Carter,Water engineer
Deborah Murillo,Building services engineer
Shannon Lee,Newspaper journalist
Paige Mitchell,Dramatherapist
Kelly Benson,International aid/development worker
Victoria Shaffer,Commissioning editor
Jesse Mcdaniel,Restaurant manager
Jose Fitzgerald,Fast food restaurant manager
Brandon Fowler,Local government officer
Angela Campbell,Chartered certified accountant
Deborah Taylor,Ecologist
Teresa Gomez,Fish farm manager
Michael Williams,Analytical chemist
Corey Patrick,Learning mentor
Brian Hancock,"Engineer, electronics"
Troy Gray,Social worker
Thomas Barrera,Clinical psychologist
Anna Ruiz,Comptroller
Elizabeth Jones,Company secretary
Michael Cook,"Lighting technician, broadcasting/film/video"
Arthur Higgins MD,Sports therapist
Michael Taylor,Interior and spatial designer
Lisa Snyder,Air cabin crew
Penny Wells,Print production planner
Jeffrey Thompson,Community education officer
Donald Garcia,Materials engineer
Elizabeth Shannon,Electrical engineer
Jacob Davis,Industrial/product designer
Kimberly Stanley,Animator
Michael Alexander,"Engineer, building services"
Bryan Miller,"Designer, television/film set"
Charles Johnson,Forensic scientist
Ashley Howard,General practice doctor
Stephanie Ponce,Automotive engineer
Emily Williams,"Designer, textile"
Erin Hayden,Network engineer
Corey Russell,Community education officer
Margaret Patterson,"Education officer, community"
April Bradley,Early years teacher
Ryan Adkins,Senior tax professional/tax inspector
Justin Fox,Insurance underwriter
Jordan Morris,Technical author
Jeff Parker,Ergonomist
Willie Jordan,Telecommunications researcher
Miranda Hill,Sports therapist
Jeffrey Allen,Hydrographic surveyor
Taylor Hammond,"Copywriter, advertising"
Jessica Cordova,"Scientist, forensic"
Lauren Andrade,Architectural technologist
James Mueller,Radiation protection practitioner
Stacey Terrell,"Journalist, newspaper"
Cheyenne Weiss,Television/film/video producer
Jessica Mcdowell,Museum/gallery conservator
Anthony Farley,Estate agent
Mr. Michael Lyons,Engineering geologist
Cynthia Mcgee,Chiropractor
Amber Chavez,Audiological scientist
Amy Martin MD,Professor Emeritus
Christine Larson,Child psychotherapist
Nathan Carter,Actuary
John James,Civil Service administrator
Erin Galloway,"Lighting technician, broadcasting/film/video"
Fernando Spencer,Scientific laboratory technician
Sharon Murray,"Engineer, civil (contracting)"
Leslie Kennedy,Patent examiner
Lisa Morton,"Scientist, research (medical)"
Bailey Delgado,Press photographer
Heather Collins DVM,Research scientist (maths)
Carol Ortega,Charity fundraiser
Dana Watson,Armed forces logistics/support/administrative officer
Sarah Quinn,Field seismologist
Brian Phillips,Actuary
Tanner Burke,"Designer, interior/spatial"
Ashley Harris,Fisheries officer
Mark Thompson,Proofreader
Amanda Ryan,"Restaurant manager, fast food"
Jackson Brown,Transport planner
Jessica Richards,Data processing manager
Danny Rose,Company secretary
Lisa Brown,TEFL teacher
Dana Wheeler,Information officer
Kevin Murray,Sports administrator
Manuel Smith,Arboriculturist
Karen Wright,Learning disability nurse
Misty Cervantes,Forest/woodland manager
Tammy Coleman,"Librarian, public"
Amy Young,Senior tax professional/tax inspector
Leah Carlson,Amenity horticulturist
Anna Warren,Risk manager
Michael George,Broadcast engineer
Jason Beck,"Copywriter, advertising"
Mary Alvarez,Research scientist (physical sciences)
Danny Fletcher,Forensic scientist
Joseph Owens,Operational researcher
Nathan Wilkins Jr.,Public librarian
Preston Ramos,"Conservation officer, historic buildings"
Jesse Yates,Community pharmacist
Jenny Patterson,Adult nurse
Joshua Nelson,Furniture conservator/restorer
Shelby Diaz,Historic buildings inspector/conservation officer
Christine Arnold,Higher education lecturer
Michael Brooks,Consulting civil engineer
Brett Vasquez,Animal nutritionist
Casey Zuniga,"Biochemist, clinical"
Alexandra Martin,Health physicist
Natalie Lyons,Forensic psychologist
Angela Diaz,"Scientist, research (maths)"
George Fernandez,Horticultural consultant
Amy Richards,Clinical biochemist
Jordan Medina,Senior tax professional/tax inspector
Ann Harris MD,Corporate investment banker
Audrey Taylor,Recycling officer
Mark Contreras,Special effects artist
Felicia Wade,Speech and language therapist
Ashley Reed,Cartographer
Denise Vargas,"Programmer, multimedia"
Kevin Dougherty,"Clinical scientist, histocompatibility and immunogenetics"
Courtney Frederick,Records manager
Dennis Burns,Cartographer
Nicholas Zimmerman,Research scientist (physical sciences)
Ashley Peterson,Occupational hygienist
Ms. Laura Johnson,"Geologist, engineering"
Bianca Reed,"Education officer, community"
Jessica Wilson,Human resources officer
Mr. William Walters,Ergonomist
Kristi Ramos,Quality manager
Nathan Weaver,Building surveyor
Joseph Gomez,Stage manager
Bill Larson,Stage manager
Jocelyn Garza,"Surveyor, planning and development"
Jenna Rodriguez,"Editor, film/video"
Alexis Armstrong,Camera operator
Kristina Riley,Museum/gallery conservator
Kyle Henderson,"Sound technician, broadcasting/film/video"
James Schneider,Structural engineer
Cameron Hood,Hydrographic surveyor
William Peters,Quality manager
James Hancock,Child psychotherapist
Joseph Perez,Pension scheme manager
Deborah Hartman,Customer service manager
Steven Johnson,Garment/textile technologist
Darlene Williams,Stage manager
Danielle Lee,Insurance risk surveyor
Robert Robinson,Commissioning editor
Miss Shelby Johnson MD,"Psychologist, educational"
Brad Martinez,Research scientist (physical sciences)
Donna Smith,Site engineer
Nicholas Stafford,"Designer, furniture"
Timothy Murphy,Plant breeder/geneticist
Mr. Logan Williamson,Economist
Ryan Ortiz,Consulting civil engineer
Thomas Munoz,Brewing technologist
Alan Mcconnell,Photographer
James Copeland,Archaeologist
David Pacheco,"Administrator, Civil Service"
Adam Smith,Textile designer
Zachary Andrews,Multimedia programmer
Julie Lynch,Insurance claims handler
James Myers,Research scientist (maths)
David Petersen,"Administrator, sports"
Robert Gonzales,"Loss adjuster, chartered"
Thomas Chaney,Broadcast journalist
Charles Kennedy,"Loss adjuster, chartered"
Laura Fox,Museum education officer
Jamie Morris,Chief Marketing Officer
Brian Hayes,Medical technical officer
Jaime Brown,Brewing technologist
Gregory Lam,Database administrator
Paul White,"Engineer, energy"
James Strickland,Sales executive
Dawn Mcclure,Chiropractor
Lori Green,Government social research officer
Connie Smith,Science writer
Dawn Alvarez,Actor
Tyler Coleman,"Exhibitions officer, museum/gallery"
Cheryl Davis,Risk analyst
Robert Parker,Sports administrator
Alice Hart,"Production assistant, radio"
Steven Cooper,Hydrogeologist
Gregory Martinez,"Designer, ceramics/pottery"
William Russo,Field trials officer
Andrea Lewis,Adult nurse
Mark Smith,Air cabin crew
Patricia Gray,"Surveyor, minerals"
Timothy King,Water engineer
Emily Shelton,Multimedia programmer
Samantha Moore,"Therapist, sports"
Allen Kennedy,Forest/woodland manager
Tyler Scott,"Education officer, environmental"
David Koch,Personal assistant
Larry Rodriguez,"Scientist, clinical (histocompatibility and immunogenetics)"
Jamie Zhang,"Engineer, aeronautical"
Denise Wallace,"Production designer, theatre/television/film"
Debbie Stewart,Lexicographer
Lee Smith,IT consultant
Marc Elliott,"Teacher, music"
Melanie Johnson,Catering manager
William Lane,Management consultant
Ashley Arnold,Seismic interpreter
Michael Medina,"Designer, blown glass/stained glass"
Kim Williams,Hydrogeologist
Juan Smith,"Engineer, building services"
Mr. Christopher Edwards,Data scientist
Haley Wagner,"Conservator, museum/gallery"
Ann Moody,Marine scientist
Gary Cochran,Psychotherapist
Daniel Henson,Recycling officer
Jordan Zimmerman,"Librarian, academic"
Anne Bailey,Exercise physiologist
Dean Wilson,"Psychologist, forensic"
Curtis Baker,Make
Desiree Fisher,Brewing technologist
Matthew Espinoza,Quarry manager
Brandon Vargas,Sales promotion account executive
Shelly Frank,Museum/gallery conservator
Taylor Huff,"Pharmacist, community"
Melanie Rogers,Agricultural consultant
Elizabeth Ellison,Herpetologist
Deborah Ferguson,"Secretary, company"
Michael Brooks,Youth worker
Ashley Gomez,Armed forces operational officer
Caitlin Haas,Magazine features editor
Hannah Dawson,Clinical biochemist
Laurie Macdonald DVM,Games developer
Jacob Singh,"Scientist, water quality"
Steven Beck II,Psychotherapist
Peter King,Health and safety inspector
Chad Watkins,Location manager
Leslie Russell,Comptroller
Robin Davis,"Buyer, retail"
Kelly Gay,Youth worker
Shawn Esparza,Museum education officer
Amy Bradford,Geoscientist
Joseph Lewis,Cytogeneticist
Marissa Mason,Geochemist
Mary Morgan,Technical author
Veronica Lloyd,"Engineer, control and instrumentation"
April Hall,Armed forces operational officer
Alyssa Merritt,Brewing technologist
Angela Glass,English as a foreign language teacher
Robert Duffy,English as a foreign language teacher
Shawn Barnes,"Journalist, magazine"
Michael Nixon,Analytical chemist
Rhonda Nash,"Scientist, product/process development"
Teresa Johnson,Electrical engineer
Erin Wright,"Therapist, speech and language"
Robert Brown,"Administrator, Civil Service"
Alicia Gordon,Analytical chemist
Thomas Ramirez,Chief Operating Officer
Nicholas Shah,Print production planner
Matthew Smith,Textile designer
Zachary Snyder,Audiological scientist
Crystal Mcdonald,Holiday representative
Anthony Rose,Financial risk analyst
Latasha Peck,Housing manager/officer
Carrie Diaz,"Geologist, engineering"
Kari Martinez,Occupational therapist
Latoya Young,Chartered management accountant
James Aguilar,Estate agent
Austin Maxwell,Network engineer
Eric Cruz,Editorial assistant
Judy Beasley,"Horticulturist, amenity"
Angel Mendoza,Research scientist (physical sciences)
Nicole Ramirez,Mining engineer
Marvin Fitzgerald,"Surveyor, building"
Michael Malone,Technical sales engineer
Nicole Leonard,Neurosurgeon
Amanda Gonzalez,"Surveyor, building"
Joyce Johnson,"Psychologist, prison and probation services"
Kyle Diaz,Ophthalmologist
Jason Knight,Animal technologist
Adam Garcia,Analytical chemist
Eric Howe,Broadcast engineer
Eric Coleman,"Civil engineer, consulting"
Kristin Smith,Public house manager
Alexander Krueger,"Radiographer, diagnostic"
Brandon Wiggins,Personnel officer
Eric Romero,Insurance risk surveyor
Patricia Martinez,Science writer
Martin Cunningham,Chief Marketing Officer
Ethan Leblanc,Sport and exercise psychologist
Nathan Simon,"Accountant, chartered certified"
Amy Johnson,Orthoptist
Matthew Mitchell,Chartered management accountant
Mary Kelley,Animal technologist
Cynthia Tran,Analytical chemist
James Davis,Dance movement psychotherapist
William Frost,Personnel officer
Nicole Herman,Tourist information centre manager
Felicia Clark,"Production assistant, television"
Andrew Byrd,Pensions consultant
Daniel Barnes,Physiotherapist
Michelle Myers,TEFL teacher
John Moreno,Chartered loss adjuster
Dave Miranda,Museum/gallery curator
Sierra Shea,Volunteer coordinator
Lisa Carr,"Teacher, secondary school"
Audrey Santiago,"Education officer, environmental"
Matthew Roberts,Child psychotherapist
Mathew Brown,Retail buyer
Crystal Hamilton,"Education officer, community"
Heather Rivera,Theatre director
Claudia Stokes,Insurance risk surveyor
Leslie Mckenzie,Office manager
Tiffany Jones,Surgeon
Melissa Tucker,Financial risk analyst
Dale Rodriguez,Technical brewer
Brian Hogan,Radio broadcast assistant
Dustin Hart,Dealer
Michael Blankenship,Freight forwarder
Kevin Morrison,Print production planner
Alex Parker,"Therapist, speech and language"
Travis Good,Actor
Mrs. Robin Moore,Location manager
Cynthia Bailey,"Education officer, museum"
Amber Steele,"Doctor, hospital"
Katherine West,Educational psychologist
Rodney Beard,Veterinary surgeon
Lisa Willis,Product/process development scientist
Chris Garrett,Secondary school teacher
Christopher Martin,"Production assistant, television"
Jacob Hartman,"Accountant, chartered public finance"
Anthony Thomas,Prison officer
Natalie Martin,Advertising account planner
Miguel Randolph,Museum education officer
Samantha Shannon,Sports coach
Michael Walters,Electronics engineer
Thomas Reilly,"Designer, jewellery"
Raymond Green,Arts development officer
Elizabeth Allen,Applications developer
Dr. Lynn Campbell,Outdoor activities/education manager
Madison Friedman,Barrister
Denise Glover,Human resources officer
Michael Hayden,Scientific laboratory technician
Ashley Mullins,Immigration officer
Susan Baker,Magazine journalist
Steven Cruz,Civil Service fast streamer
Mackenzie Ellis,Airline pilot
Nicholas Mccoy,"Programmer, systems"
Mark Taylor,Theme park manager
Penny Howell,Professor Emeritus
Cheryl Jones,"Pharmacist, community"
Corey Baker,"Programme researcher, broadcasting/film/video"
Daniel Smith,Theatre stage manager
Jessica Williams,Lobbyist
Gloria Smith,"Teacher, English as a foreign language"
Kayla Harrison,Pensions consultant
Catherine Richard,Museum education officer
Jose Davis,"Engineer, building services"
Erin George,Translator
Kathleen Edwards,Architectural technologist
Rachel Boyd,Press sub
Luis Williams,Farm manager
Lisa Bishop,Counselling psychologist
Mark Cantu,"Conservator, furniture"
Ivan Ward,Estate agent
Dustin Johnson,Musician
Vincent Washington,Professor Emeritus
Amanda Patterson,Cabin crew
Judith Duncan,Print production planner
Kyle Livingston,"Nurse, learning disability"
Joseph Hartman,Financial risk analyst
Matthew Vance,Occupational hygienist
Robert Wilson,"Surveyor, building"
Michael Potts,Magazine features editor
Ashley Santiago,Management consultant
Amanda Jones,Rural practice surveyor
Robert Mann,Exhibition designer
Dana Weeks,Mental health nurse
Alison Russell,Field seismologist
Brittany Davila,Barrister
Matthew Gates,Museum education officer
Mary Monroe,"Nurse, adult"
Sarah Moore,Television production assistant
Eugene Young,"Administrator, Civil Service"
Amanda Turner,Multimedia specialist
Fernando Ryan,Personnel officer
Jamie Evans,Land/geomatics surveyor
Ashley Calderon,Minerals surveyor
James Smith,Food technologist
Lauren Campbell MD,"Sound technician, broadcasting/film/video"
Shannon Hanna,Artist
Sally Charles,Publishing copy
Alfred Trujillo,Estate agent
Brandy Zuniga,Location manager
Christopher Harper,"Psychotherapist, child"
Michael Johnson,Paramedic
Sue Chaney,Energy manager
Kimberly Harris,Art therapist
Emily Evans,Solicitor
Mallory Alexander,Dancer
George Adams,"Engineer, automotive"
Kelsey Mcgee,"Research officer, trade union"
Andrew Vasquez,"Therapist, speech and language"
Derek Ramos,"Administrator, sports"
Sean Ferguson,Biomedical scientist
Richard Perez,Advertising account executive
Jeffrey Fox,Medical technical officer
Joshua Valdez,Radiation protection practitioner
Nicole Potter,Public house manager
Morgan Ward,Adult guidance worker
Jacob Shaw,Scientific laboratory technician
Christopher Daniels,Acupuncturist
Barbara Williams,"Scientist, forensic"
Christopher Richards,"Designer, jewellery"
Ashley Cox,Haematologist
John Marshall,"Pilot, airline"
Johnny Harris,Medical illustrator
Lisa Dean,Accommodation manager
Michelle Alvarado,"Production designer, theatre/television/film"
Gwendolyn Lindsey,"Engineer, drilling"
Taylor Byrd,Contractor
Debra Schmidt,Exercise physiologist
Joshua Ruiz,"Conservator, museum/gallery"
Katherine Barnes,Systems developer
Emily Ramirez,Police officer
Tiffany Carson,Data processing manager
Jerry Howard,"Accountant, chartered certified"
Jennifer Murphy,Advertising copywriter
Jacqueline Sampson,Medical technical officer
Kelly Garcia,Animal nutritionist
Dr. Antonio Gill,Museum/gallery conservator
Rebecca Lee,Armed forces training and education officer
Kenneth Huff,"Psychologist, clinical"
Jason Farmer,Insurance risk surveyor
Heather French,Theatre stage manager
Yolanda Robinson,Software engineer
Randall Johnson,Trading standards officer
Rebecca Robinson,Building surveyor
Mary Jones,Press photographer
Alyssa Williams,Colour technologist
Steven Collins,Contracting civil engineer
Peter Lewis,Financial trader
Billy Elliott,Commercial horticulturist
Robert Blackburn,Chief Marketing Officer
Debbie Robertson,Osteopath
Jesse Nielsen,"Journalist, broadcasting"
Marissa Callahan,Holiday representative
Carrie Santos,Financial manager
Lisa Stewart,Wellsite geologist
Joseph Young,"Librarian, academic"
Jacob Gomez,Social worker
Christopher Johnson,Broadcast presenter
William Rodriguez,Veterinary surgeon
Dustin Turner,Higher education careers adviser
Randall Garcia,Personal assistant
Susan Barnes,"Surveyor, quantity"
Melinda Anderson,Lobbyist
Latoya Mack,Patent examiner
Christopher Baker,"Journalist, broadcasting"
Andrew Morales,Clinical biochemist
Jessica Green,Exhibition designer
Gary Mclean,Higher education careers adviser
Marissa Decker,Gaffer
David Velez,Politician's assistant
Ryan Garcia,Financial risk analyst
David Wagner,"Solicitor, Scotland"
Ashley Gross,"Therapist, occupational"
Sarah Moore,"Pharmacist, community"
Donald Roberts,Tourism officer
Michael Mcdowell,Architect
Lance Brooks,Advertising art director
Melissa Flowers,Economist
Jordan Stone,Management consultant
Dana Meadows,Haematologist
Virginia Rush,Writer
Adam Sanchez,Geochemist
Alejandro Larson DDS,Secretary/administrator
Jonathan Davenport,Pathologist
Brittany Fox,Museum/gallery exhibitions officer
Phillip Baird,Video editor
Charles Hernandez,Database administrator
Steven Lopez,Production engineer
Daniel Cameron,Exhibition designer
Jesse Perkins,Garment/textile technologist
Eric Day,Intelligence analyst
Ronald Miller,Youth worker
Sheri Gonzalez,Hydrographic surveyor
Carla Hartman,Broadcast presenter
Justin Hansen,Risk manager
Scott Herrera,Biomedical engineer
Michael Baker,Scientific laboratory technician
Jimmy Gallegos,"Therapist, art"
Joanna Patrick,Geophysical data processor
Jennifer Moss,Sports coach
Charles Wilkins,Camera operator
Tracey Palmer,Chief Technology Officer
Tamara Strickland,Office manager
Alexis Elliott,Clinical molecular geneticist
Marie Ramirez,Biomedical engineer
Vanessa Schneider,"Merchandiser, retail"
Brittney Sweeney,Optometrist
Tina Butler,"Engineer, electrical"
Amanda Rivera,Magazine journalist
Karen Thompson,Financial risk analyst
Zachary Reeves,Careers adviser
Crystal Lutz,Building services engineer
Benjamin Nunez,Landscape architect
Robert Thompson,Customer service manager
Roger Villarreal,Building control surveyor
Alicia Gilbert,Mental health nurse
John Fisher,Marine scientist
Erin Stone,Housing manager/officer
Kathy Robbins,"Scientist, research (physical sciences)"
Michael Cox,Higher education lecturer
Angel Barr,Maintenance engineer
Karen Cook,Housing manager/officer
Larry Atkinson,Hotel manager
John Ayala,Midwife
Joseph Roberts,Restaurant manager
Benjamin Johnson,Barista
John Rice,Trade union research officer
Todd Haley,Publishing copy
Robert Heath,Nature conservation officer
Veronica Paul,Professor Emeritus
Kelsey Duffy,Company secretary
Mark Mendoza,Broadcast journalist
David Cameron,IT technical support officer
Carolyn Yates,Equities trader
Walter Cole,Agricultural consultant
Steven Higgins,Freight forwarder
Carol Moreno,Production engineer
Rebecca Roman,Animator
Steven Rice,Early years teacher
Cheryl Nichols,Garment/textile technologist
Ms. Nicole Thomas,Clothing/textile technologist
Fred Carrillo,Site engineer
Sarah Garcia,Insurance risk surveyor
Carrie Gonzalez,Astronomer
Carol Stokes,Furniture conservator/restorer
Leslie Khan,"Geneticist, molecular"
Christopher Jones,Chief Financial Officer
Devon Skinner PhD,Higher education lecturer
Karen Rhodes,Dietitian
Mark Browning,General practice doctor
Jared King,Trading standards officer
Donald Wyatt,Town planner
Candace Martinez,Associate Professor
Barbara Hart,Sports development officer
William Jenkins,Optometrist
John Bell,"Engineer, aeronautical"
Christopher Golden,Special educational needs teacher
Nancy Chandler,"Chemist, analytical"
Michael Zimmerman,Broadcast journalist
Brianna Jefferson,Patent examiner
Clarence Ochoa,"Engineer, agricultural"
Christopher Ferguson,"Surveyor, insurance"
Alexis Paul,Agricultural consultant
David Martinez,Operational investment banker
James Perez,Psychiatric nurse
Amanda Jackson,Energy engineer
Brian Brown,Commercial horticulturist
Michaela Gill,Multimedia programmer
Felicia Salazar,Commercial art gallery manager
David Berger,Maintenance engineer
Jason Rodriguez,Local government officer
Laura Bartlett,Cabin crew
Mrs. Michelle Sharp MD,Optometrist
Lauren Hardy,Estate manager/land agent
Billy Moore,Biomedical engineer
Thomas Miller,"Presenter, broadcasting"
Robert Burns,Public relations officer
Dale Cook,"Administrator, charities/voluntary organisations"
Tracey Riddle,Trading standards officer
Matthew Chandler,"Surveyor, hydrographic"
Donald West,"Loss adjuster, chartered"
David Miller,Therapeutic radiographer
Matthew Berg,Community pharmacist
Tina Santos,Mining engineer
Erica Li,Microbiologist
Elizabeth Kelley,"Investment banker, operational"
Kyle Fisher,Risk manager
Joy Graham,Catering manager
Jeremy Decker,Warden/ranger
Justin Wolf,"Scientist, marine"
Brandy Richardson,Medical sales representative
Rebecca Stout,Retail banker
Jose Franco,"Librarian, academic"
John Lee,"Pilot, airline"
Mary Page,Film/video editor
Shannon Chaney,Biomedical engineer
Christopher Gould,Production engineer
Lisa Thompson,Site engineer
Ryan Mason,Secretary/administrator
Gregory Gonzalez,"Journalist, magazine"
Bernard Contreras,Location manager
Susan Simmons,Trade union research officer
Anthony Thomas,Agricultural engineer
Rebecca Watkins,Fast food restaurant manager
Jade Soto,"Production assistant, television"
Crystal Johnson,Ranger/warden
Christina Hernandez,Corporate treasurer
Dr. Dennis Wheeler,"Investment banker, corporate"
Megan Wong,"Therapist, occupational"
Angela Smith,Town planner
Ashley Lyons,Hydrographic surveyor
Carla Koch,"Pharmacist, community"
Shelly Cook,"Engineer, maintenance"
Jennifer Cole,Broadcast presenter
Judith Thomas,IT consultant
Rebecca Hanson,Marketing executive
Victor Ibarra,"Journalist, newspaper"
Tony Johnson,Therapeutic radiographer
Donna Bean,"Solicitor, Scotland"
Matthew Brown,"Horticulturist, amenity"
Peggy Thomas,Clinical biochemist
William Costa,Video editor
Valerie Walls,Public librarian
Mrs. Kathleen Richardson,"Engineer, communications"
Erica Dunn,"Psychotherapist, child"
William Johnson,Intelligence analyst
Heather Stein,"Optician, dispensing"
Kevin Wright,Occupational psychologist
Jessica Clark,Bonds trader
Douglas Hawkins,Clinical cytogeneticist
Frederick Rojas,"Civil engineer, consulting"
Ian Green,Agricultural consultant
Daniel Porter,Armed forces technical officer
Regina Jordan,"Copywriter, advertising"
Amber Baker,Information systems manager
Kyle Gomez,"Engineer, technical sales"
Michael Wang,Advice worker
Diana Guzman,Film/video editor
Lisa Brown,Geophysicist/field seismologist
Paula Jackson,"Education officer, museum"
Stephen Ramirez,"Therapist, speech and language"
Judith Olson,Set designer
Jessica Conley,Police officer
Kimberly Williams,Publishing copy
Ruth Ayers,"Horticulturist, commercial"
Nicole Patton,Trade mark attorney
Cody Jacobs,Ergonomist
Kimberly Martin,Food technologist
Charles Lewis,Nature conservation officer
Brandon Hernandez,Product/process development scientist
Mary Hernandez,Multimedia specialist
Ronald Stuart,"Research officer, political party"
Ann Johnson,Recycling officer
Eugene Armstrong,"Programmer, applications"
James Drake,English as a foreign language teacher
Phillip Griffin,Osteopath
Brett Knox,"Surveyor, minerals"
Rodney Jenkins,Chief Strategy Officer
Nathaniel Peters,Catering manager
Makayla Allen,"Engineer, agricultural"
Taylor Smith,Chief Strategy Officer
John Salazar,Sports coach
Jane Fisher,Hotel manager
David Stephens,"Psychotherapist, dance movement"
Kyle Collins,Magazine journalist
Joseph Rios,Merchant navy officer
Sandra Moody,Social worker
Alicia Davis,"Radiographer, diagnostic"
Benjamin Pollard,"Surveyor, building control"
Katherine Bennett,English as a second language teacher
Marcus Thomas,Air traffic controller
Donna Hartman,Research scientist (physical sciences)
Meghan Peters,International aid/development worker
Rebecca Rhodes,General practice doctor
Ronald Mendoza,"Engineer, energy"
Joshua Lyons,Civil Service administrator
John Vega,Forensic scientist
Sandra Montoya,"Geologist, wellsite"
Pamela Fry,Retail manager
Kara Lopez,"Engineer, civil (contracting)"
Catherine Myers,Market researcher
Craig Norton,Biomedical scientist
Amber Cochran,Bonds trader
Caitlin Green,"Surveyor, rural practice"
Bethany Perez,Retail buyer
Stephen Davis,Printmaker
Alyssa Ramos,Personal assistant
David Lamb,Chief Executive Officer
Meghan Clark,Oceanographer
Linda Evans,Arts administrator
Renee Harrington,Waste management officer
Trevor Taylor,Teaching laboratory technician
Tracy Wheeler,Museum/gallery exhibitions officer
Alexander Bonilla,Licensed conveyancer
Richard Hansen,Chief Marketing Officer
Janet Reed,TEFL teacher
Krystal Simpson,"Teacher, music"
Terry Huang,Cabin crew
Douglas Baker,Fashion designer
Brandi Bradley,Water engineer
Tammy Griffin,Prison officer
Dawn Vargas,Medical illustrator
Jonathan Hunt,"Civil engineer, consulting"
Keith Castro,"Designer, jewellery"
Tamara Glenn,Human resources officer
Andrew Kelly,Research scientist (physical sciences)
Jesse Merritt,Drilling engineer
Dawn Ward,Public house manager
Donald Reese,Local government officer
Jordan Jones Jr.,Brewing technologist
Christina Montgomery,Publishing copy
Breanna Taylor,"Scientist, biomedical"
Dr. Andrew Lee MD,"Clinical scientist, histocompatibility and immunogenetics"
Amber Schneider,Advice worker
Scott Cole,Building surveyor
Devin Jones,Chief Technology Officer
Rachel Sanchez,"Psychologist, clinical"
Bernard Campbell,Fish farm manager
Keith Smith,Soil scientist
Natasha Thomas,Higher education lecturer
Courtney Nolan,"Therapist, sports"
Allison Allen,"Research officer, political party"
Jonathan Mcclure,Financial adviser
Kathleen Adkins,Set designer
Thomas Lee,"Engineer, agricultural"
Lindsay Johnson,Geographical information systems officer
Justin Roman,Sales promotion account executive
Jessica Watson,Aeronautical engineer
Jason Simmons,Adult guidance worker
Robert Miller,Air broker
William Hale,Human resources officer
Emma Jones MD,Herpetologist
Rose Miller,"Conservation officer, nature"
Benjamin Evans,"Therapist, occupational"
Kiara Weber,Sports administrator
Angelica Cooper,"Conservation officer, nature"
Jessica White,Company secretary
Sonya Yates,Environmental health practitioner
Mrs. Tammy Olson,Materials engineer
Lydia Taylor,Oncologist
James Patterson,Education administrator
Mark Sherman,"Production assistant, television"
Claudia Pope,Counsellor
Christopher Miller,Manufacturing engineer
Natalie Curtis,Risk analyst
Michelle Moore,Physiological scientist
Michael Mccoy,Insurance underwriter
Jim Bryant,Historic buildings inspector/conservation officer
Logan Grant,Passenger transport manager
Lindsay Edwards,Media planner
Jason Lloyd,Visual merchandiser
Lindsey Anderson,Sales executive
Kimberly Cox,Materials engineer
Juan Buchanan,Video editor
Raymond Padilla,Medical physicist
Mitchell Gardner,Museum/gallery exhibitions officer
Isaac Miller,"Education officer, museum"
Jennifer Olson,"Engineer, manufacturing"
Michael Archer,Advertising account executive
Carol Mcmillan,Oncologist
Cynthia Carter,Chiropractor
Monica Scott,"Pilot, airline"
Anna Acosta,Media buyer
Amanda Williams,Facilities manager
Michael Strickland,Hydrogeologist
Hannah Torres,Illustrator
Annette Hancock,Fine artist
Dr. Dwayne Fuller,Maintenance engineer
Sarah Thompson,"Doctor, general practice"
Sara Arroyo,Air cabin crew
Benjamin Stokes,Minerals surveyor
Wendy Bailey,"Teacher, secondary school"
Keith Thompson,"Engineer, biomedical"
Isaiah Patel,"Engineer, electrical"
Ms. Cheryl Camacho,Television production assistant
Robert Li,Accounting technician
Dylan Short,"Production assistant, television"
Joanne Johnson,Personal assistant
Debbie Mccormick,Primary school teacher
Julie Curry,Aeronautical engineer
George Horn,Volunteer coordinator
Kayla Gonzalez,Electronics engineer
Christopher Francis,Economist
Brian Jones,Nature conservation officer
Amanda Petersen,Industrial/product designer
Barbara Rodriguez,Investment analyst
John Mcknight PhD,"Engineer, water"
Thomas Adams,"Geologist, engineering"
Stephen Strickland,Fast food restaurant manager
Kirsten Rodriguez,Armed forces technical officer
Andrew Perez,IT sales professional
James Ramirez,Prison officer
Mark Sexton MD,Art therapist
Adam Andrade,"Education officer, environmental"
Bryce Cruz,Animal nutritionist
Amanda Hunt,Airline pilot
Melody Nelson,Retail buyer
Ronnie Gordon,Furniture designer
Jasmin Ferguson,Dramatherapist
Kyle Mccullough,Patent attorney
Patricia Gutierrez,Ranger/warden
Michael Mills,"Designer, multimedia"
Carl Carlson,"Psychologist, educational"
Tanya Hart,Futures trader
Amber Blackwell,Air traffic controller
Raymond Moore,TEFL teacher
Thomas Kerr,Press sub
Suzanne Roberts,Market researcher
Justin Lewis,Neurosurgeon
Victoria Sweeney,"Engineer, manufacturing systems"
Julia Taylor,"Teacher, adult education"
Douglas Branch,Archivist
Patrick Williams,"Radiographer, diagnostic"
Brenda Petersen,"Engineer, land"
John Clark,Licensed conveyancer
Christine Reed,Building surveyor
Brandon Orozco,Purchasing manager
Joseph Lee,Copy
Jennifer Johnson,"Education officer, community"
Angel Smith,Counselling psychologist
Anna Nguyen,Artist
James Meza,Accommodation manager
Christopher Pierce,"Accountant, chartered certified"
Brandon Hayes,Media planner
Mr. Kenneth Anderson,Licensed conveyancer
Eric Murphy,Theme park manager
Kevin Saunders,Manufacturing systems engineer
Sandra Foster,"Scientist, water quality"
Erik Harris,"Exhibitions officer, museum/gallery"
Jason Jackson,Estate agent
Gregory Davis,Sales executive
Henry Anderson,Dietitian
Beth Grimes,"Engineer, agricultural"
Kyle Moore,Aid worker
Marcus Sherman,"Surveyor, building control"
Michelle Yu,Advertising art director
Kyle Jones,Purchasing manager
Christopher Munoz,"Presenter, broadcasting"
Timothy Gibson,"Education officer, museum"
Stephanie Thomas,"Radiographer, therapeutic"
Rachel Burke MD,Arboriculturist
Kelsey Duke,Risk analyst
Michael Martin,Financial planner
Brenda Peterson,Ecologist
Tracey Herrera,"Solicitor, Scotland"
Kimberly Thomas,"Designer, blown glass/stained glass"
David Reid Jr.,"Runner, broadcasting/film/video"
Benjamin Bowen,"Runner, broadcasting/film/video"
Alyssa Mccormick,Claims inspector/assessor
Stacy Callahan,"Teacher, adult education"
Chris Cummings,Garment/textile technologist
Elizabeth Haas,Dispensing optician
Allison Walker,Television camera operator
Justin Hall,Operational investment banker
William Odonnell,Learning disability nurse
Carrie Grimes,Air cabin crew
James Martin,Police officer
Jennifer Edwards,Occupational hygienist
Lori Koch,Systems analyst
Edward White Jr.,"Civil engineer, consulting"
Jacqueline Griffin,Barrister's clerk
Daniel Williams,Public librarian
Ryan Ortiz,Mudlogger
Alex Smith,Forest/woodland manager
Paul Sanders,Writer
Kevin Beltran,Dispensing optician
Taylor Smith,"Designer, multimedia"
Joshua Martinez,Mechanical engineer
David Gregory,"Radiographer, therapeutic"
Jennifer Walsh,TEFL teacher
Dr. Melissa Singleton DVM,Diplomatic Services operational officer
Pamela Cruz,Civil Service administrator
Sharon Norman,Counsellor
Dr. Amber Bishop,Equality and diversity officer
Kelly Watts,Holiday representative
Andrea Robinson,Quarry manager
Pedro Silva,"Conservation officer, historic buildings"
Justin Evans,Information systems manager
Alicia Marquez,"Designer, industrial/product"
Mrs. Andrea Thompson,Site engineer
Mr. Antonio Watkins,"Administrator, arts"
Daniel Sims,"Psychotherapist, dance movement"
Julie Lindsey,Copy
Adrienne Walters,Theatre director
Robert Reeves,Event organiser
Shane Hill,Teaching laboratory technician
Michael Bailey,"Teacher, early years/pre"
Alicia Harris,Podiatrist
Carol Buchanan,"Surveyor, planning and development"
Lori Day,"Engineer, manufacturing systems"
Mrs. Tammy Perez DDS,Plant breeder/geneticist
Daniel Serrano,Broadcast engineer
Nicole Velez,"Radiographer, therapeutic"
Roger Dalton,Art gallery manager
Alicia Daniels,"Teacher, English as a foreign language"
Leonard Jensen,Public librarian
Katherine Castro,Youth worker
Eddie Lutz,Clinical embryologist
Dorothy Alexander,Advertising account executive
Margaret Roman,Nature conservation officer
Nancy Robinson,"Clinical scientist, histocompatibility and immunogenetics"
David Hamilton,"Journalist, broadcasting"
Daniel Sims,Education administrator
Bobby Walters,Production engineer
Ashley Williams,"Engineer, water"
Timothy Martinez,Investment analyst
Karen Henry,Logistics and distribution manager
Heather Williams,Equities trader
Kathleen Summers,Neurosurgeon
Victor Nelson,English as a second language teacher
Jennifer Roberts,Warehouse manager
Alexander Garcia,Legal executive
Justin Liu,"Nurse, children's"
Ms. Haley Collins,"Designer, jewellery"
Emily Olson,"Scientist, product/process development"
Chad Oconnor,Insurance broker
Christine Brown,Neurosurgeon
Philip Evans,Public relations account executive
Terri Thompson,Secondary school teacher
Nicholas Ferguson,Network engineer
Brent Tucker,Therapeutic radiographer
Gregory Burton,Armed forces operational officer
Thomas Perkins,Operational researcher
Stephanie Kennedy,Set designer
James Jones,Theme park manager
Sandy Dixon,Dentist
Kimberly Tucker,"Engineer, communications"
Andrew Medina,"Engineer, materials"
Daniel Ramsey,Building surveyor
Jason Baxter,Data scientist
April Chang,Optometrist
Daniel Rodriguez,Scientific laboratory technician
Lisa Jones,"Psychologist, clinical"
Annette Thomas,Probation officer
David Frye,Land/geomatics surveyor
Rachael Brown,Fashion designer
Kevin Schmidt,Customer service manager
Jason Castillo,"Designer, graphic"
Gary Clark,Information systems manager
Heather Hood,"Nurse, mental health"
Christopher House,IT trainer
Theresa Parker,Stage manager
David Clark,"Editor, film/video"
Gabriel Bates,Dietitian
Kurt Maddox,Tourism officer
Howard Knapp,"Engineer, automotive"
Pamela Byrd,Health service manager
Jennifer Lamb,Multimedia programmer
Chad Robertson,Nutritional therapist
Jacob Lee,"Surveyor, building"
Susan Welch,Museum/gallery exhibitions officer
Eric Sawyer,"Scientist, audiological"
James Thomas,Logistics and distribution manager
Tiffany Gonzales,Air traffic controller
Ashley Bishop,Health visitor
Michelle White,Film/video editor
Karen Cooper,"Therapist, speech and language"
Gabrielle Green,Ophthalmologist
Cody Holmes,Armed forces logistics/support/administrative officer
Melissa Schroeder,Public relations account executive
Samantha Hoover,"Engineer, structural"
Patrick Davis,Travel agency manager
Philip Kim,"Engineer, civil (contracting)"
Christopher Miller,"Surveyor, planning and development"
Brian Stafford,Interpreter
Kyle Lane,Oncologist
Shawn Wall,"Solicitor, Scotland"
Sydney Walker,Metallurgist
Kimberly Hall,"Psychologist, occupational"
Derek Callahan,Exercise physiologist
Sharon Mcdonald,"Programme researcher, broadcasting/film/video"
Frank Cobb,"Editor, film/video"
Amy Montgomery,Armed forces logistics/support/administrative officer
Timothy Morgan,Architectural technologist
Daryl Williams,"Radiographer, therapeutic"
Danielle Morris,Best boy
Fernando Thomas,Psychotherapist
Jeremy Fischer,"Engineer, building services"
Maria Love,Analytical chemist
Tracy Rios,"Engineer, materials"
Gabriel Wilson,Print production planner
Regina Hughes,Health and safety inspector
Gregory Kelly,Insurance broker
Ryan Mueller,Structural engineer
Angela Walters,Geophysical data processor
Daniel Lynn,Tourism officer
Rachel Beck,Therapeutic radiographer
Joseph Stewart,Equities trader
John Scott,Building services engineer
Christopher Krueger,Community education officer
Karen Garcia,Special effects artist
Kelly Farmer,Magazine journalist
Daniel Brown,Accounting technician
Jennifer Barry,"Development worker, community"
Angel Hall,Proofreader
Patrick Everett,Dance movement psychotherapist
Annette Farmer DVM,Community development worker
Susan Chan,Customer service manager
William Arias,Health and safety adviser
Dana Fitzpatrick,"Accountant, chartered"
Cynthia Erickson,Water engineer
Daniel Gallagher,"Teacher, English as a foreign language"
Martin Scott,"Scientist, research (physical sciences)"
Kathleen Rodriguez,Adult nurse
Jeffrey Walker,"Programme researcher, broadcasting/film/video"
Jonathan Santos,"Producer, radio"
Brittney Keller,"Accountant, chartered certified"
Tony Dougherty,Private music teacher
Michael Vincent,Counsellor
Teresa Brown,"Editor, film/video"
Tina Cole,Chief Financial Officer
Miss Susan Palmer,Investment analyst
Kathleen Cannon,Clinical research associate
Brandon Porter,Editorial assistant
Kelly Thomas,Video editor
